{"cameraMode":{"drawMode":0,"name":"Shaded","section":"Shading Mode"},"sceneLighting":false,"audioPlay":false,"sceneViewState":{"showFog":true,"showMaterialUpdate":false,"showSkybox":true,"showFlares":true,"showImageEffects":true,"showParticleSystems":true},"in2DMode":false,"pivot":{"x":-0.4347134828567505,"y":0.435976505279541,"z":16.01092529296875},"rotation":{"x":0.16868902742862702,"y":-0.0029570332262665035,"z":0.0005060111288912594,"w":0.9856647849082947},"size":6.386345863342285,"orthographic":false}