{"cameraMode":{"drawMode":0,"name":"Shaded","section":"Shading Mode"},"sceneLighting":false,"audioPlay":false,"sceneViewState":{"showFog":true,"showMaterialUpdate":false,"showSkybox":true,"showFlares":true,"showImageEffects":true,"showParticleSystems":true},"in2DMode":false,"pivot":{"x":-0.24470174312591554,"y":0.464968204498291,"z":10.012687683105469},"rotation":{"x":0.04954526573419571,"y":-0.8285652995109558,"z":-0.07427051663398743,"w":-0.5527284145355225},"size":1.8690489530563355,"orthographic":false}