{"cameraMode":{"drawMode":0,"name":"Shaded","section":"Shading Mode"},"sceneLighting":true,"audioPlay":false,"sceneViewState":{"showFog":true,"showMaterialUpdate":false,"showSkybox":true,"showFlares":true,"showImageEffects":true,"showParticleSystems":true},"in2DMode":false,"pivot":{"x":-2.021951198577881,"y":1.2814788818359376,"z":18.789430618286134},"rotation":{"x":0.4700901210308075,"y":-0.5255610346794128,"z":0.4526495635509491,"w":0.5458106994628906},"size":51.2706413269043,"orthographic":false}