{"cameraMode":{"drawMode":0,"name":"Shaded","section":"Shading Mode"},"sceneLighting":false,"audioPlay":false,"sceneViewState":{"showFog":true,"showMaterialUpdate":false,"showSkybox":true,"showFlares":true,"showImageEffects":true,"showParticleSystems":true},"in2DMode":false,"pivot":{"x":14.448402404785157,"y":0.6552584171295166,"z":14.287211418151856},"rotation":{"x":0.03286784887313843,"y":0.20687535405158997,"z":0.006953971926122904,"w":-0.9777902960777283},"size":3.790165901184082,"orthographic":false}