{"cameraMode":{"drawMode":0,"name":"Shaded","section":"Shading Mode"},"sceneLighting":false,"audioPlay":false,"sceneViewState":{"showFog":true,"showMaterialUpdate":false,"showSkybox":true,"showFlares":true,"showImageEffects":true,"showParticleSystems":true},"in2DMode":false,"pivot":{"x":-15.64354133605957,"y":0.8976780772209168,"z":15.24628734588623},"rotation":{"x":0.09721962362527847,"y":-0.05073525756597519,"z":0.0049624210223555569,"w":0.9939565658569336},"size":5.053830623626709,"orthographic":false}